,PCEPILFE_YoY,PCEPILFE_MoM,UNRATE,NROU,USREC,ZLB_dummy,COVID_dummy,GDPC1,GDPPOT,INDPRO,RSAFS,MCOILWTICO,IR,OPHNFB,CES0500000003,CIVPART,JTSJOL,FEDFUNDS,M2SL,WALCL,T5YIE,T10YIE,PX_MD,PX5_MD,kmeans_k,kmeans_label,hclust_k,hclust_label,kmeans_k_sub,kmeans_label_sub,hclust_k_sub,hclust_label_sub
2006-04-01,2.362185479830381,3.6642757068099385,4.7,5.045672592612705,0.0,0,0,2.985660499540701,2.4702763444314986,3.5527531397591794,5.907732584676051,31.068327670819173,5.790441176470584,1.2783537572204928,5.985037406483684,66.1,14.708368554522531,4.79,6.647462884998845,4.285135679942664,2.642105263157895,2.581578947368421,3.3,3.1,12,9,11,0,9,3,10,0
2006-05-01,2.4085659581214447,3.008452318418442,4.6,5.0420300818786,0.0,0,0,2.933984848122749,2.46801450366974,0.3015729216703455,-4.055165794465143,42.16335540838854,8.619091751621877,1.0463454346720114,-1.1910669975185415,66.1,-81.92066805845512,4.94,1.216394887615646,4.571264013981713,2.6940909090909093,2.664090909090909,4.0,3.2,12,9,11,0,9,3,10,0
2006-06-01,2.595788242176078,3.029509133779662,4.6,5.011461778999999,0.0,0,0,1.03501105398216,2.0630062198257804,4.041034410793909,6.555666702016971,25.909494232475595,7.417582417582413,-0.4401934041233346,5.961251862891359,66.2,40.6004929419673,4.99,6.727424822788919,4.1094049639497365,2.6154545454545453,2.5768181818181817,3.3,2.9,12,9,11,0,9,3,10,0
2006-07-01,2.545755451713405,1.1688404247736983,4.7,5.034624213805142,0.0,0,0,2.43658516007906,2.463421009676438,-0.7839272696431365,3.83471828275761,26.1186440677966,6.968325791855201,0.5388713642887434,3.559070687098309,66.1,-57.21716514954492,5.24,7.320383532055708,3.863767369415117,2.5845,2.5805,3.2,2.9,12,9,11,0,9,3,10,0
2006-08-01,2.671351969164548,2.4493283334123817,4.7,5.030860972860387,0.0,0,0,2.0407967455368965,2.461089480806378,5.208582764756198,4.668159447140763,12.386521003231277,5.976806422836756,0.3207168395142976,1.7742730409068486,66.2,86.29949931725082,5.25,5.465701562250658,3.5907372189722064,2.554782608695652,2.585652173913044,3.8,3.2,12,9,11,0,9,3,10,0
2006-09-01,2.6060054595086424,1.8900994789198933,4.5,5.012244536,0.0,0,0,0.5998237025262476,1.9520110316705972,-2.1741426713224765,-6.946233211146868,-2.729074554047884,1.5734265734265618,-0.7829073051814461,4.724409448818889,66.1,6.878980891719877,5.25,4.730480989993247,2.889496028831595,2.2905,2.3995,3.1,3.0,12,9,11,0,9,3,10,0
2006-10-01,2.4969151484357965,2.170905608172813,4.4,5.023456923187719,0.0,0,0,1.4351778291765782,2.456507284671021,-1.2299369309626051,-0.7003758114109804,-5.412785094763894,-1.0480349344978213,0.1090695897275432,1.1764705882355564,66.2,-36.98543381887265,5.25,8.52630670540524,3.71255259276575,2.1761904761904765,2.317619047619048,3.1,3.1,12,9,11,0,9,3,10,0
2006-11-01,2.284218020344375,0.5665321152894087,4.5,5.019694841305525,0.0,0,0,1.308421096237978,2.454181501125304,-0.3220244766850566,3.695358012733685,1.303155006858714,1.3357079252003468,0.145472996990793,4.113614103819696,66.3,14.114571988673497,5.25,6.083976006855085,3.8853955257409423,2.1742857142857144,2.303333333333333,3.0,3.0,12,9,11,0,9,3,10,0
2006-12-01,2.31560168275895,1.6138546115186614,4.4,5.0131638910000005,0.0,0,0,3.4377992024475112,1.8391094766938565,12.30560575924624,14.487271240159584,4.292206699208889,2.4933214603739984,2.592888346094213,5.270863836017536,66.4,-6.458557588805203,5.24,7.315097690941297,2.702504034709663,2.25,2.314,2.9,3.0,12,9,11,0,9,3,10,0
2007-01-01,2.500451019303629,4.863336475023594,4.6,5.012293534704083,0.0,0,0,1.3845838324813908,2.4496106177632853,-4.289973779498091,-1.936206214380132,-16.765918460833706,0.0,0.522662909326433,0.583090379008766,66.4,37.14285714285701,5.25,6.45726230156507,2.954984764607516,2.2804761904761905,2.322857142857143,3.0,3.0,12,9,11,0,9,3,10,0
2007-02-01,2.556466816364278,2.590819487468199,4.5,5.008533081798935,0.0,0,0,1.5685156219903345,2.447290587121864,11.572398666327288,2.539686108737804,-3.813078046405971,1.152482269503552,0.8769562658325377,5.2452646915978285,66.3,-16.12429141297507,5.26,2.714054927302101,4.008256136933852,2.369473684210526,2.3621052631578947,3.0,2.9,12,9,11,0,9,3,10,0
2007-03-01,2.376989306541799,1.2083177219931684,4.4,5.0141584980000005,0.0,0,0,1.2033426668225822,1.8780406692198603,2.127951102400249,9.6593697850202,-3.5890891689264626,2.839396628216506,1.4327717365940629,2.901353965183784,66.2,67.16322621834428,5.26,5.701791270708867,3.543188646209483,2.441818181818182,2.3877272727272727,3.0,2.9,12,9,11,0,9,3,10,0
2007-04-01,2.210973687980511,1.7124008702364968,4.5,5.001377944051452,0.0,0,0,2.1354842997674224,2.442880405892514,8.05310857206294,-2.847961270397681,-7.86290322580645,2.0851433536055675,1.857067570399061,2.315484804630952,65.9,-66.02176541717051,5.25,12.13643021552624,3.472344233565749,2.4771428571428573,2.4380952380952383,3.3,3.1,12,9,11,0,9,3,10,0
2007-05-01,2.075642460761662,1.4156232479908937,4.4,4.997740765921418,0.0,0,0,2.4738069471096966,2.440640638026836,0.6450577568884341,15.137131095877532,-10.417843026538687,1.194539249146742,2.4391869320084667,4.044294655753511,66.0,-8.1893793985925,5.25,2.3035492335312213,3.9017334179119354,2.377727272727273,2.372727272727273,3.3,3.1,12,9,11,0,9,3,10,0
2007-06-01,1.9872662913073211,1.9879370486600931,4.6,5.015159963,0.0,0,0,2.447047831978555,1.943058823625865,0.3282595454550119,-9.42258699753502,-4.8766737138830285,2.3017902813299296,1.2044410858571553,6.333973128598824,66.0,52.05067640111665,5.25,5.491460943638327,2.5039359934187377,2.3723809523809525,2.4119047619047618,3.4,2.9,12,9,11,0,9,3,10,0
2007-07-01,2.0411069445103625,1.8029560092710284,4.7,4.990347555136634,0.0,0,0,3.0212518935717885,2.436092054854893,-1.8816641040700688,5.116674161794865,-0.3897325628275716,2.7918781725888357,3.4427204712718336,-0.5727923627683484,66.0,-64.45770734719076,5.26,5.087745777362951,2.814114024046077,2.289047619047619,2.367619047619048,3.4,3.1,12,9,11,0,9,3,10,0
2007-08-01,1.984841307437235,1.786295762199508,4.6,4.986591678751803,0.0,0,0,3.12276306315941,2.4337833645533213,2.3528183078427745,6.322248942698305,-0.9309967141292508,1.9360269360269244,3.7076943557444393,3.4383954154727725,65.8,-13.571117877337937,5.02,12.477114359885366,2.7056953518154625,2.043913043478261,2.236521739130435,3.2,2.9,12,9,11,0,9,3,10,0
2007-09-01,2.1023258013787016,3.2746527939059966,4.7,5.016093422,0.0,0,0,2.30410318384493,2.0020378415575912,2.93231774052245,4.956059789482925,25.2664576802508,4.819277108433728,3.5004752300809017,2.2857142857142243,66.0,27.980642322921238,4.94,2.953306919446685,4.069672253698808,2.0563157894736843,2.264210526315789,3.1,2.9,12,9,11,0,9,3,10,0
2007-10-01,2.183509194344113,3.126773285775375,4.7,4.979203954897256,0.0,0,0,2.716876154734495,2.4292461384145265,-3.5102037613250925,7.0453313178778565,45.69536423841058,9.090909090909085,3.370675409292923,1.7110266159695795,65.8,-4.127257093723102,4.76,2.444255594674249,3.3332342695255424,2.1913636363636364,2.325454545454545,3.1,2.8,12,9,11,0,9,3,10,0
2007-11-01,2.33584220088241,2.356311217889573,4.7,4.975451101909624,0.0,0,0,2.0974437352685014,2.426943223509941,6.754121714286931,11.283832713531972,60.40961408259986,12.038664323374348,2.609425976331794,2.847650688182401,66.0,2.5884383088869534,4.49,4.103171611652723,3.2766641329843083,2.3145,2.3805,3.4,2.9,12,9,11,0,9,3,10,0
2007-12-01,2.4033930254476976,2.407027413367757,5.0,5.016878297,0.0,0,0,2.5129469272505034,2.00056889016631,0.7008639488458535,-13.61576801087443,47.98256939961265,10.599478714161602,3.15297199783986,2.2727272727273373,66.0,-26.08695652173911,4.24,4.894147951380568,2.669698034816892,2.2155,2.3085,3.4,3.1,12,9,11,0,9,3,10,0
2009-07-01,0.6255829295479742,1.0317675807767657,9.5,4.90214099860394,0.0,1,0,0.3189436985837336,2.382171175821768,14.323539762809556,5.212098956436417,-51.9007272999925,-19.11864406779661,8.272264271989483,2.1680216802166363,65.5,-129.92409109069123,0.16,0.6099651279624752,123.18851329380544,1.2840909090909092,1.7395454545454547,2.9,3.0,12,4,11,9,9,0,10,8
2009-08-01,0.6509440392611365,1.7769136863046595,9.6,4.898422111839944,0.0,1,0,1.1432667914521206,2.379908583976071,13.360518081864736,21.27611112776089,-39.10173995028714,-15.314685314685317,7.644539866995071,2.7051397655545983,65.4,56.989247311828,0.16,-0.070890143907043,124.54595737578744,1.2814285714285714,1.8133333333333328,2.8,2.8,12,4,11,9,9,0,10,8
2009-09-01,0.7251804439602383,2.1128906646801227,9.8,5.01074023,0.0,1,0,1.4047695807001936,1.4604067734561357,10.28817176500727,-30.34754082912725,-33.33013159158582,-11.973875181422356,6.368824428488207,2.159244264507443,65.1,76.47562018819514,0.15,-0.2126829959944842,110.23027834297862,1.3433333333333333,1.76,2.2,2.8,12,4,11,9,9,0,10,5
2009-10-01,1.2398995351797335,4.421159371302874,10.0,4.891110847568323,0.0,1,0,2.3498543336878828,2.3754621269583254,2.7300785858890286,13.04056217862355,-1.1617282339120183,-5.632716049382713,5.964714530690326,2.15536596317909,65.0,-39.083232810615165,0.12,3.729702900092313,25.802493796938265,1.5004761904761903,1.9042857142857144,2.9,2.9,12,7,11,9,9,5,10,8
2009-11-01,1.373476441695476,1.050717316629779,9.9,4.887398717978567,0.0,1,0,2.7836275614613792,2.373205370737293,4.90380893550979,9.776595585708048,36.08445297504797,3.416666666666668,5.094443383963463,1.0757507844015637,65.0,48.379052369077336,0.12,4.128132326433409,1.5718661013569335,1.7463157894736845,2.127368421052632,2.7,3.0,12,7,11,7,9,5,10,6
2009-12-01,1.5095155217327072,1.0228802153433136,9.9,5.0071208160000005,0.0,1,0,4.323654603274285,1.4101206078867,4.115589478136883,5.033780879340455,81.10408560311284,8.646288209607,5.420441384983388,2.1495745633679064,64.6,31.16260487415108,0.12,-0.6762706491492576,-0.1583362928972098,1.908636363636364,2.2254545454545456,2.5,2.7,12,0,11,6,9,8,10,5
2010-01-01,1.690903711795344,1.7750683580616489,9.8,4.880101212417281,0.0,1,0,3.3277964089763468,2.368770404180618,12.909732956786437,1.2647017146096395,87.79669144090145,11.415929203539822,3.4882189699379964,2.1457308895841187,64.8,125.7009345794393,0.11,-4.863436123347986,10.94420434678447,2.066315789473684,2.358421052631579,2.8,2.9,12,7,11,7,9,5,10,6
2010-02-01,1.698653811169737,1.0473547578551567,9.8,4.876396309916248,0.0,1,0,3.463927262489953,2.366519491164204,4.236812098258014,1.7234210083958423,95.42082374008696,11.327433628318584,2.7714923748020746,2.6773761713520194,64.9,-72.32992597814598,0.13,7.020523708421855,20.503316674890915,1.947894736842105,2.272105263157895,2.7,2.7,12,7,11,7,9,5,10,6
2010-03-01,1.7769698346872698,1.7843167944906035,9.9,5.002566479,0.0,1,0,1.9380038022744015,1.409802363467083,8.459900385008279,26.12874727604675,69.37838965373385,11.179577464788723,0.4314257339043337,0.0,64.9,5.851462865716517,0.16,-0.5488062291851392,15.7872863059334,1.8717391304347823,2.219130434782609,2.7,2.7,12,0,11,6,9,8,10,5
2010-04-01,1.6029746856967897,0.6162158541623164,9.9,4.869352108557279,0.0,1,0,3.5000176154066365,2.362240940445339,4.328145593971922,10.012277576994231,69.7683786505539,11.23693379790942,1.696881552628877,1.6028495102403897,65.2,212.31802911534163,0.2,4.420615460422006,9.664713952801264,1.960909090909091,2.3459090909090907,2.9,2.7,12,7,11,7,9,5,10,6
2010-05-01,1.636855877388732,1.325523012552221,9.6,4.865773959194851,0.0,1,0,3.4215974909468025,2.360068145616612,16.458417854383267,-10.32729393001377,24.919532441131608,8.476027397260278,1.33763854175464,1.0671409515341068,64.9,-62.797335870599454,0.2,7.602482729599735,9.479452452700077,1.7705000000000002,2.113,3.2,2.9,12,7,11,7,9,5,10,6
2010-06-01,1.555570639876902,0.5750969640228476,9.4,4.997009431,0.0,1,0,3.8703444732496095,1.430727977619739,2.64205344738464,-1.183193122257542,8.184951177484212,4.333333333333345,1.327018262502122,1.066192803198529,64.6,-75.10040160642569,0.18,2.66223734798432,13.634235891926316,1.6518181818181816,1.947272727272727,2.8,2.8,12,0,11,6,9,8,10,5
2010-07-01,1.4705882352941124,0.0267358828969221,9.4,4.858506221522815,0.0,1,0,3.100864244718103,2.355655828831312,4.590912404668845,3.795495734684717,18.97116134060792,4.945515507124898,1.089320697618098,3.195739014647092,64.6,120.3855765797928,0.18,1.5854619628203892,15.356283837795791,1.4223809523809523,1.7704761904761903,2.7,2.9,12,7,11,7,9,5,10,6
2010-08-01,1.417623223738418,1.149617351201293,9.5,4.854816909218334,0.0,1,0,2.871684259978907,2.3534164338108168,4.405619647303016,5.44054865769894,7.811400422237846,3.798513625103217,1.1594679769810805,1.5936254980079667,64.7,-32.31667748215439,0.19,6.722377832820303,13.8709243462092,1.3363636363636362,1.6768181818181818,2.7,2.8,12,7,11,7,9,5,10,6
2010-09-01,1.2968283476987308,0.6810973234656181,9.5,4.9903911910000005,0.0,1,0,3.0843397441892684,1.4821576317300966,3.3656753814518936,10.278703735523642,8.399366085578453,3.6273701566364336,2.585721120620832,2.6525198938991856,64.6,-32.41080360120034,0.19,4.240233880435351,8.468858082573893,1.279047619047619,1.7385714285714284,2.2,2.7,12,0,11,6,9,8,10,5
2010-10-01,1.0787813475225283,1.82857651324726,9.4,4.847565674115645,0.0,1,0,2.331639707133169,2.3490156517463947,-3.230902940444791,13.752097654885809,8.14844162704702,3.924775143090753,1.3310867892703386,3.705337450374735,64.4,130.3632625085676,0.19,6.854075628806555,6.039745194385393,1.507,2.015,2.7,2.8,12,7,11,7,9,5,10,6
2010-11-01,1.121579183490362,1.559255022600059,9.8,4.8438849833200415,0.0,1,0,2.028736382628915,2.346782122423209,0.8461901465712351,10.897912777395646,8.02667008590845,4.109589041095885,1.2844329023504302,-0.5277044854880675,64.6,-8.902627511591987,0.19,2.8191179992471227,6.410617701385935,1.5555,2.097,3.0,2.8,12,7,11,7,9,5,10,6
2010-12-01,1.056748397507734,0.2528837622005397,9.3,4.982663843,0.0,1,0,2.100441043307466,1.515652546588253,11.952268621733886,8.442898873278626,19.712635960789584,5.305466237942125,1.2676547331058607,1.583809942806802,64.3,-57.17844908128305,0.18,4.587396038364844,7.816888651768328,1.7295454545454545,2.2468181818181816,3.0,2.8,12,0,11,6,9,8,10,5
2011-01-01,1.1234446334258408,2.568225418334702,9.1,4.836651175457135,0.0,1,0,1.420247715671494,2.34239288999506,-2.5989511879270566,8.005989297721694,13.83888676113878,5.639396346306591,0.5915951048099631,5.7996485061512,64.2,18.05101373446698,0.17,3.03301635516684,8.278475144742291,1.9305,2.3335,3.4,2.9,12,7,11,7,9,5,10,6
2011-02-01,1.2119043892404369,2.0979949541894527,9.0,4.832979576084891,0.0,1,0,1.135752102624448,2.3401652339491377,-4.939345039935272,10.146160474651024,15.957586071475326,7.551669316375209,-0.026388738048205,0.0,64.1,47.164948453608346,0.16,8.655541988875193,10.389429682286044,2.011052631578947,2.338421052631579,3.4,2.9,12,7,11,7,9,5,10,6
2011-03-01,1.214570379218349,1.815972605766092,9.0,4.973791157,0.0,1,0,-0.9488195884360452,1.5539954956071966,12.436817573343362,10.77624328185598,26.67487684729064,10.2929532858274,-2.948516790750056,0.0,64.2,13.019218846869318,0.14,7.812324615557387,12.515867967717464,2.2017391304347824,2.450434782608696,4.6,3.2,12,0,11,6,9,8,10,5
2011-04-01,1.3947001394700065,2.7529310554004205,9.1,4.826000493657034,0.0,1,0,0.7408377215410035,2.335930974492086,-3.97537895718143,6.618569213134684,29.944240123383548,11.902897415818336,-1.2130289727114103,2.0988194140794114,64.2,-0.7359705611775791,0.1,8.48444295751083,14.770914448475716,2.3115,2.5915,4.6,2.9,12,7,11,7,9,5,10,6
2011-05-01,1.5235611430609364,2.85226960110041,9.0,4.822456328296696,0.0,1,0,0.6546916240978662,2.3337807147207243,1.4760226400347245,-1.0138941043935643,36.832112828858165,12.943962115232832,-1.617135002248766,3.1427324312527816,64.1,-29.45688861613993,0.09,9.607547838412687,17.642313771463925,2.177619047619048,2.39,4.1,2.9,12,7,11,7,9,5,10,6
2011-06-01,1.5863290518787654,1.3173639547265914,9.1,4.963749528999999,0.0,1,0,2.706329172574673,1.593612890934626,3.544756820511097,9.928457336143117,27.76745420759226,13.57827476038338,0.2461198985815649,2.0896821941664534,64.0,104.18370556778872,0.09,9.755347314532958,21.06303458705005,1.9554545454545451,2.2468181818181816,3.8,3.0,12,0,11,6,9,8,10,5
2011-07-01,1.7344517595160758,1.7764911010954345,9.0,4.815259505755974,0.0,1,0,0.8212535137337411,2.329414248484728,5.697012098973708,-0.4632748204810077,27.4895178197065,13.738019169329084,-1.526830484888748,5.215123859191628,64.0,58.35021707670052,0.07,21.18408578247095,23.07200777162366,2.032,2.3795,3.4,2.9,12,7,11,7,9,5,10,6
2011-08-01,1.839630515831048,2.391432888772105,9.0,4.811607164456038,0.0,1,0,1.1060027527033438,2.327198169599383,7.639704621792465,1.3360252715466814,12.702349869451712,12.887828162291171,-1.006396771508731,-2.077022933794881,64.1,-97.37786364890977,0.1,23.95194191911081,23.520079269031456,1.769130434782609,2.167826086956522,3.5,2.9,12,7,11,7,9,5,10,6
2011-09-01,1.8508219696126813,0.8130436683130959,9.0,4.95252874,0.0,1,0,-0.0892509436685617,1.6361409048618825,-0.92116083089544,13.351779918054609,13.662945241892622,12.728719172633252,-0.7379056625777647,2.0806241872560527,64.2,160.40853109041748,0.08,2.544855172123928,24.143431923173942,1.6157142857142857,1.897619047619048,3.3,2.8,12,0,11,6,9,8,10,5
2011-10-01,1.744721966171725,0.5766080594082013,8.8,4.804430513014109,0.0,1,0,2.0601580380934035,2.322843297259468,8.394054579665688,6.8360865378036095,5.409695933569414,11.093627065302902,0.4648442283363166,3.6347901341411415,64.1,-49.284578696343445,0.07,4.12349533278169,23.86482713853606,1.6960000000000002,1.966,3.2,2.7,12,7,11,7,9,5,10,6
2011-11-01,1.8278615794143915,2.5410963389874475,8.6,4.800788657557687,0.0,1,0,2.6617286972652296,2.320633114144076,-0.1417089302751417,3.814686805840939,15.32344213649852,10.061919504643967,1.2524309317370366,0.517687661777444,64.1,-17.905498756562643,0.08,6.477276286528522,21.88738714404188,1.761,2.012,3.2,2.7,12,7,11,7,9,5,10,6
2011-12-01,1.974960911076851,1.9867549668873608,8.5,4.940132488,0.0,1,0,4.492196227031986,1.6656682561830394,6.309927694825657,1.7620272180521646,10.55524397083567,8.549618320610675,1.9246497498592416,1.552393272962238,64.0,68.33099579242639,0.07,5.931587364223478,20.840458850571576,1.6695238095238096,2.009523809523809,3.1,2.7,12,0,11,6,9,8,10,5
2012-01-01,2.061479219227192,3.588516746411585,8.3,4.793633101884987,0.0,1,0,3.664054876137011,2.3162898506156364,7.21889689117079,11.081682878237409,12.448132780082988,6.9172932330827,2.4894520430444835,2.0671834625324514,63.7,44.90445859872621,0.08,9.064418128836316,19.26677544381465,1.757,2.0745,3.3,2.7,12,7,11,7,9,5,10,6
2012-02-01,2.025847785264556,1.678321678321648,8.3,4.790002202186563,0.0,1,0,3.9071444206862176,2.314085570850151,3.8036575220003135,14.798300006967224,15.375931361481143,5.099778270509958,2.80132505284537,1.0318142734307756,63.8,-89.9462778204144,0.1,6.362750628173064,17.05686052991069,1.9455,2.222,3.3,2.9,12,7,11,7,9,5,10,6
2012-03-01,2.044845423362407,2.039755748993155,8.2,4.926578709,0.0,1,0,3.354363279886652,1.6934963778454382,-6.246870692372752,4.245622084576084,3.2082442154384605,3.5175879396984744,2.0169133192388777,4.123711340206171,63.8,120.46460176991144,0.13,5.38654587745615,11.657864175439837,2.045909090909091,2.314090909090909,3.9,3.0,12,0,11,6,9,8,10,5
2012-04-01,1.9653370013755112,1.815803979637032,8.2,4.782985489439847,0.0,1,0,3.490379651885802,2.309824879351928,8.576142103066609,-4.953035067488321,-5.669679539852101,0.8397480755773179,2.4576598318852176,1.0273972602739434,63.7,-56.09449610454882,0.14,6.532469379049655,7.332044941978899,1.9523809523809523,2.2666666666666666,3.2,2.9,12,7,11,7,9,5,10,6
2012-05-01,1.826744683887549,1.2173406287434574,8.2,4.77948258857834,0.0,1,0,2.874697964500544,2.307697332313983,2.572724187926223,-2.133276201115564,-6.184340931615473,-0.7686932215234088,1.8536615024651448,1.539777587681801,63.7,13.28763511732145,0.16,5.236469423624701,3.9012391485832474,1.885,2.1445454545454545,3.0,2.7,12,7,11,7,9,5,10,6
2012-06-01,1.8192584794552105,1.2290442563742232,8.2,4.911899646,0.0,1,0,1.7853389846612444,1.7328627734475075,0.2130115586473024,-10.654715669841774,-14.502389362144196,-2.4613220815752457,2.0825225869558928,2.5630072618539224,63.8,23.78096479791401,0.16,8.44815448053895,1.2030455295773734,1.759047619047619,2.1228571428571428,3.1,2.8,12,0,11,6,9,8,10,5
2012-07-01,1.7738650548584145,1.2407108239094633,8.2,4.772371489816397,0.0,1,0,1.30889755157446,2.303377077982114,2.395646964200715,5.522027527642237,-9.660842754367929,-3.300561797752821,0.2492503831284022,1.5345268542199086,63.7,-54.00153413449242,0.16,6.31578947368423,-0.4210813604116126,1.7671428571428571,2.128571428571429,3.0,2.7,12,7,11,7,9,5,10,6
2012-08-01,1.6359225422913903,0.7617326189399698,8.1,4.768763647780975,0.0,1,0,0.5811972812918718,2.3011844989124484,-4.88986540584051,14.89814876592952,9.035097880227028,-1.761804087385488,-0.5354229389021264,0.0,63.5,23.775100401606508,0.13,8.42862394070929,-0.920852792615956,1.9060869565217389,2.263913043478261,3.6,3.0,12,7,11,7,9,5,10,6
2012-09-01,1.6916020530741482,1.4708886618998385,7.8,4.89614169,0.0,1,0,0.5761119892917499,1.7602967073639952,-0.6377899816393473,9.60245764516232,10.51216089803555,-0.6351446718419029,-1.1760766751768514,4.086845466155875,63.6,22.99816224730904,0.14,9.4944950870131,-1.392895097730107,2.139473684210526,2.436315789473684,3.3,2.8,12,0,11,6,9,8,10,5
2012-10-01,1.889449210819305,2.9124024098197587,7.8,4.761676398698038,0.0,1,0,-0.1509581491584792,2.2968758978139867,3.818900512951373,-0.5642713632282526,3.6723818350324455,0.0,-1.466283671574459,-0.509121764955589,63.8,-33.07573415765073,0.16,7.775580917330416,-0.9955092560400058,2.174285714285714,2.494761904761905,3.1,2.7,12,7,11,7,9,5,10,6
2012-11-01,1.7830690135935745,1.2855535915153204,7.7,4.758080911948533,0.0,1,0,0.0637814666522489,2.2946892446693097,4.642211561235499,6.683874473576967,-10.94071634417455,-1.406469760900142,-1.4018855677428226,3.56536502546696,63.6,32.74172185430473,0.16,8.052281479752565,1.1223698939765605,2.048,2.4265,3.1,2.8,12,7,11,7,9,5,10,6
2012-12-01,1.689865158764681,0.8860827224570933,7.9,4.879364966,0.0,1,0,0.4625622150414621,1.78241446977232,3.431779091477427,4.158035365817003,-10.856331168831169,-1.969057665260188,-1.5069628821189784,4.570461278036397,63.7,28.468282619907196,0.16,14.21202109778017,0.3392804321941112,2.0955,2.4765,3.2,2.9,12,0,11,6,9,8,10,5
2013-01-01,1.5915867078657886,2.4253053018800763,8.0,4.751018437215039,0.0,1,0,2.068053926879612,2.29039231171965,-0.1808767634467578,9.995686785857584,-5.495163059738695,-1.4767932489451407,0.2032374860696404,1.5177065767285391,63.7,-14.2065491183879,0.14,2.6579088062323564,1.7870750422579018,2.190952380952381,2.523333333333333,3.3,2.9,12,7,11,7,9,5,10,6
2013-02-01,1.560131653024999,1.3062548691077147,7.7,4.747435775665935,0.0,1,0,3.290613221842118,2.288211592079914,5.742480666900462,13.897941320462692,-6.741682974559682,-0.6329113924050445,1.2064485707894337,1.0105263157895727,63.4,24.77695641090998,0.15,2.171925011431153,4.737570522162637,2.233684210526316,2.554736842105263,3.3,3.0,12,7,11,7,9,5,10,6
2013-03-01,1.4807449119659477,1.1001545759821596,7.5,4.861642687,0.0,1,0,3.9462426554553782,1.8166652520385185,4.909806434084629,-8.491437678127145,-12.452901281085149,-2.080443828016642,1.959297181140229,1.514514093395114,63.3,21.578421578421647,0.14,6.424129471502038,9.82116339902104,2.246,2.5424999999999995,3.2,2.8,12,0,11,6,9,8,10,5
2013-04-01,1.3770626261318195,0.587915774674741,7.6,4.7406294378671285,0.0,1,0,3.1708338047511635,2.284066719269871,-1.241834684543619,-5.88445262823627,-10.936895083236545,-2.706453851492019,0.8113220999586663,3.52941176470587,63.4,-25.907752698724277,0.15,3.12118718610801,13.78895970259464,2.0904545454545453,2.411363636363636,3.1,2.9,12,7,11,7,9,5,10,6
2013-05-01,1.3929168238908884,1.4051971001841856,7.5,4.737174856512127,0.0,1,0,2.077997108542004,2.2819619385281,1.137607446598743,7.261194712923924,-0.1584618635115053,-1.8309859154929555,-0.2526370597705363,1.0054461667364123,63.4,47.24172517552656,0.11,3.8828723444400026,17.49357545809236,1.981818181818182,2.283181818181818,3.1,2.9,12,7,11,7,9,5,10,6
2013-06-01,1.4636510500807942,2.0670515805926826,7.5,4.843060274,0.0,1,0,1.070545339251705,1.8348703265520072,2.227017224649241,3.6707263995752193,16.36695018226002,0.0720980533525761,-0.993741941570514,3.516115529510344,63.4,1.447527141133964,0.09,6.499478123501135,20.119144702946578,1.793,2.0485,3.0,2.9,12,0,11,6,9,8,10,5
2013-07-01,1.4879607514040272,1.5285163837849502,7.3,4.730163821740476,0.0,1,0,1.351627491201293,2.277688004931112,-3.911225422561993,6.904278034227307,19.07849829351536,0.8714596949891185,-0.2840488414675261,1.001669449081799,63.3,-76.62650602409636,0.09,4.399427625487462,23.701137441197616,1.857727272727273,2.122272727272727,3.1,2.8,12,7,11,7,9,5,10,6
2013-08-01,1.5332509004892136,1.2975861081959472,7.2,4.726607764064162,0.0,1,0,2.16183369027028,2.2755189809433647,7.170973935956493,-1.6876773231155884,13.215765430787195,0.0,1.142588607160681,2.001668056713868,63.3,61.77606177606183,0.08,6.496761869263334,28.021378392382637,1.8531818181818185,2.1845454545454546,3.0,2.9,12,7,11,7,9,5,10,6
2013-09-01,1.529226044094134,1.4232614289799272,7.2,4.823714263,0.0,1,0,3.405574276337564,1.84230559761458,6.408301562875352,1.03394997693389,12.464289493175327,-0.7102272727272707,2.845733501471237,1.9983347210658309,63.2,12.63157894736846,0.08,6.717579891747594,31.05827115963877,1.7675,2.1455,3.3,3.0,12,0,11,6,9,8,10,5
2013-10-01,1.4548181477315405,2.030821954031481,7.2,4.719624247500965,0.0,1,0,4.094074071511324,2.271256759754988,-1.4073044660621203,3.96542810039886,12.34774835177117,-1.62889518413597,4.187018412002793,1.496259351620921,62.8,27.325581395348756,0.09,13.736405529954077,34.46938099048656,1.7772727272727271,2.1872727272727275,3.0,2.8,12,7,11,7,9,5,10,6
2013-11-01,1.5142597249719223,1.9893773164523232,6.9,4.716082409445205,0.0,1,0,4.34735571518505,2.2690936917648723,3.056943836914794,3.3894102805305693,8.471050502715816,-1.783166904422251,4.68754540987837,3.486924034869343,63.0,-29.2752250118427,0.08,0.9513221920503412,36.40229112174576,1.7531578947368422,2.170526315789474,2.9,2.9,12,7,11,10,9,5,10,8
2013-12-01,1.5473618923369736,1.2776723592663686,6.7,4.803711007,0.0,1,0,3.4869670137090303,1.8609696940150575,2.5855097236171964,6.547395415465829,11.1199635784202,-1.147776183644189,3.856548097290169,0.9933774834436804,62.9,0.5826656955571607,0.09,7.091023318067169,37.59389166259788,1.6695238095238092,2.163333333333333,3.0,2.7,12,0,11,6,9,8,10,5
2014-01-01,1.4524615006989985,1.3015869672813096,6.6,4.709127335760899,0.0,1,0,1.529659540902065,2.2648431979005,-4.592025823420309,-9.404742389323406,-0.1477416631490036,-1.2847965738757905,1.148842109153112,2.4813895781637285,62.9,1.7471487503033956,0.07,7.581599956552676,37.04131386575842,1.738095238095238,2.2261904761904763,3.1,2.9,12,7,11,7,9,5,10,6
2014-02-01,1.3901177975587542,0.5680383741478501,6.7,4.705600187240177,0.0,1,0,-0.5629012375238326,2.26268609348797,9.087317819099816,15.08889326248104,5.781135242891611,-1.0615711252653923,-1.7653449571641706,4.952538175815047,62.9,71.52895565786288,0.07,7.080664891703314,34.7293064330201,1.7742105263157897,2.157368421052632,3.2,2.9,12,7,11,7,9,5,10,6
2014-03-01,1.447423075694143,1.7790114500204623,6.7,4.783165204,0.0,1,0,-1.380383941139085,1.8787410793919437,11.868133177034412,12.940566689702935,8.457069076823753,-0.4957507082152923,-3.323653124709347,-0.986436498150356,63.1,4.116167390807135,0.08,3.852206881751119,32.47431966882552,1.7771428571428571,2.167619047619048,3.2,2.9,12,0,11,6,9,8,10,5
2014-04-01,1.5712658483877373,2.053543307086514,6.2,4.698901238826544,0.0,1,0,0.0527856353380416,2.2585861937831653,0.9883678072799108,12.295420554091496,10.921538795913932,-0.3566333808844524,-2.36039009771637,1.4808720691074306,62.8,48.67821330902453,0.09,4.802524266652242,30.85433108737781,1.8085714285714285,2.1623809523809525,3.2,2.9,12,7,11,7,9,5,10,6
2014-05-01,1.62365625697789,2.0248813054823955,6.3,4.695502134924849,0.0,1,0,2.5305882971001554,2.256504294798805,4.854101012204026,1.9936740093903005,8.115543328748288,0.5021520803443202,-0.0319789486788919,2.9580936729663776,62.9,47.568988173456006,0.09,6.8714488636362425,28.79983210884392,1.9357142857142855,2.190952380952381,3.3,2.8,12,7,11,7,9,5,10,6
2014-06-01,1.563544884246726,1.356017326888015,6.1,4.762198273,0.0,1,0,5.167368516853177,1.8940351689675337,3.969514628439885,2.961621384482882,10.462566565730413,1.2247838616714637,2.592828037558448,2.9508196721313773,62.8,59.40594059405946,0.1,5.847199540980874,26.511989954816872,1.9704761904761905,2.229047619047619,3.1,2.9,12,0,11,6,9,8,10,5
2014-07-01,1.6103213221808854,2.081896281432183,6.2,4.688605718635322,0.0,1,0,5.752823351210548,2.2522769167078844,2.5502693575777613,2.1736230561309355,-1.0318142734307756,0.8639308855291405,3.9930511998926974,0.9811937857726604,62.9,-32.75792854275386,0.09,5.766139304443918,24.29121791222013,1.970909090909091,2.2627272727272727,3.3,2.7,12,7,11,10,9,5,10,8
2014-08-01,1.5397485995065183,0.4632334529673265,6.1,4.685108841863142,0.0,1,0,5.582348937516052,2.250131567112001,-1.905143615375815,9.250628972689512,-9.411654311719984,-0.2869440459110528,4.292595358264507,2.941176470588225,62.9,124.55633512174994,0.09,2.5283256399497134,21.67008704013813,1.8414285714285716,2.1961904761904765,3.2,2.9,12,7,11,5,9,5,10,4
2014-09-01,1.5548480585553692,1.6019189654274513,5.9,4.740936606,0.0,1,0,4.861565637267162,1.9293230336929312,3.618747332708505,-3.3103141321204177,-12.305955405024005,-1.3590844062947085,3.425175245136192,0.4889975550121939,62.8,-97.58833426808744,0.09,4.313195201744779,20.12672663740358,1.6766666666666667,2.0733333333333333,3.0,2.8,12,2,11,10,9,1,10,8
2014-10-01,1.4709143321753215,1.037359524231185,5.7,4.678243612311517,0.0,1,0,4.256934076994407,2.2459159606048926,0.2261474213075764,4.781154329841186,-16.053312114581264,-2.087832973362136,1.631935779104308,1.466395112016183,62.9,23.931623931623932,0.09,7.698392691047218,17.61025820439215,1.4813636363636364,1.92,2.9,2.8,12,2,11,5,9,1,10,4
2014-11-01,1.392578536791067,1.061438561438521,5.8,4.6747628194945285,0.0,1,0,3.697348775925905,2.2437765970792847,7.420666640119489,3.361865974535849,-19.252077562326864,-3.05010893246187,-0.2985119341918479,3.905614320586004,62.9,-40.46288906624098,0.09,4.218527315914589,15.153259686998254,1.477777777777778,1.88,2.8,2.6,12,2,11,5,9,1,10,4
2014-12-01,1.3563462895293863,0.8484004117237376,5.6,4.719509728999999,0.0,1,0,2.0229325448481994,1.9466215001631149,0.2003903557796782,-8.32023051720907,-39.27071596845232,-5.587808417997109,-1.3592591832125578,-1.459854014598605,62.8,71.11294652075148,0.12,8.645056893494463,12.652931775591703,1.2745454545454544,1.6968181818181818,2.8,2.8,12,2,11,5,9,1,10,4
2015-01-01,1.2097113523521053,-0.4363681700588984,5.7,4.667929701351241,0.0,1,0,2.877390867540055,2.239572777071384,-9.529113034683157,-5.306549487340417,-50.09511731135067,-8.893709327548816,-0.7015883789621811,5.846528623629865,62.9,50.05847953216378,0.11,8.911373366718234,10.885706652010342,1.2085,1.607,2.5,2.8,12,2,11,5,9,1,10,4
2015-02-01,1.277481626344512,1.3719417132642242,5.5,4.664465462403928,0.0,1,0,2.583290558835435,2.237439407196005,-7.654658957918015,-3.0517879161528594,-49.8313826621702,-10.22889842632333,0.825754855803741,2.42424242424244,62.7,27.395209580838294,0.11,11.889250814332453,8.753524846330762,1.362105263157895,1.7152631578947366,2.8,2.7,12,2,11,5,9,1,10,4
2015-03-01,1.2808398950131306,1.818861342967537,5.4,4.698048397,0.0,1,0,3.601939910262874,1.9607934902211357,-4.1086153249667134,18.340556144774744,-52.5595238095238,-10.8185053380783,2.315735256245155,2.4193548387096087,62.6,-56.20197585071351,0.11,-0.191506517941109,6.851362993183918,1.4772727272727273,1.7618181818181815,3.0,2.8,12,2,11,5,9,1,10,4
2015-04-01,1.2943728841981803,2.214159842438068,5.4,4.657887980670846,0.0,1,0,2.205446586946324,2.2333847076702087,-6.618533426207129,2.2774284152777824,-46.654256882531584,-10.450966356478164,2.930069606144215,1.9315895372232996,62.8,89.36660268713999,0.12,3.41742483429508,4.938871518562737,1.617727272727273,1.8581818181818184,2.6,2.6,12,2,11,5,9,1,10,4
2015-05-01,1.2472011216439594,1.4651105040974777,5.6,4.654551512169261,0.0,1,0,2.0862559907061566,2.231325805904498,-5.429461943877811,9.37694202131336,-41.99451947543551,-9.707351891506066,2.9387322666309856,3.856970670952098,62.9,-7.502679528403,0.12,2.754322476879789,3.6336019779287465,1.6395,1.8655,2.8,2.8,12,2,11,5,9,1,10,4
2015-06-01,1.254154386404971,1.4385217948452933,5.3,4.676682672,0.0,1,0,2.4776203470354474,1.9765278945962803,-3.6761852779914506,0.2356890822513335,-43.454012666603646,-9.89323843416371,1.9664676300992667,0.0,62.7,-67.94894840913179,0.13,4.071876305892275,2.917567599937887,1.6327272727272728,1.8659090909090907,2.7,2.6,12,2,11,5,9,1,10,4
2015-07-01,1.1789500041732737,1.1890753700376069,5.2,4.647784268853687,0.0,1,0,1.9473820125605783,2.2271452180908278,7.531445727004549,10.935469949834609,-50.86398300994305,-10.492505353319048,1.626561816264644,1.9223067681219064,62.6,184.7560975609757,0.13,4.35796628240146,2.111351757297597,1.4954545454545454,1.820909090909091,2.8,2.8,12,2,11,5,9,1,10,4
2015-08-01,1.2212546279397165,0.9651673575449492,5.1,4.64435396953067,0.0,1,0,1.9098520780008568,2.2250236621967536,-2.05125567196518,-0.2525218241307581,-55.59353635798634,-11.366906474820135,0.7096984910284064,3.83846461415418,62.6,-116.71070013210044,0.14,4.43182949905383,1.5235874253071602,1.2295238095238097,1.6114285714285717,2.8,2.7,12,2,11,5,9,1,10,4
2015-09-01,1.2321248164310905,1.7309594460931166,5.0,4.655540006,0.0,1,0,1.6009802450112964,1.9790537267619257,-3.371103833367206,-5.382834407229664,-51.20695204377213,-11.602610587382156,1.1211105109206088,0.9565563969707648,62.4,4.609475032010213,0.14,6.062660724178581,1.0885461228686388,1.1552380952380952,1.522857142857143,2.8,2.7,12,2,11,5,9,1,10,4
2015-10-01,1.1779886779886617,0.3950779867483156,5.0,4.637621581482445,0.0,1,0,1.8531578766867731,2.2208549051420987,-5.684417636361694,-3.2027862967669574,-45.23696682464456,-10.661764705882348,-0.5594768193289863,4.301075268817112,62.5,62.31778425655988,0.12,5.064665811037639,0.5754641955687978,1.1742857142857144,1.4985714285714284,2.7,2.5,12,2,11,5,9,1,10,4
2015-11-01,1.1967020513407034,1.2835808614802602,5.1,4.634209230449257,0.0,1,0,1.824174409211703,2.218739365390945,-8.62292237233211,4.403990945832259,-44.003166644676085,-9.513108614232213,-0.7646274963561541,2.3809523809523725,62.5,-13.51117270050235,0.12,8.985671098876846,-0.0481615134534152,1.266315789473684,1.5705263157894738,2.7,2.6,12,2,11,5,9,1,10,4
2015-12-01,1.191700692994213,0.7890519048206812,5.0,4.634743367,0.0,1,0,0.7379165058545745,1.975791962338569,-5.907281624673377,5.0310808693105,-37.27441389779053,-8.301306687163724,-2.459549556874485,0.0,62.7,28.801681850035,0.24,6.947753608457052,-0.2366794008154316,1.2386363636363635,1.515,2.6,2.6,12,2,11,5,9,1,10,4
2016-01-01,1.40624025609577,2.106862704833912,4.8,4.627512622338817,0.0,0,0,1.7718959451529162,2.2145824540106998,5.966824697237083,-7.281708202438564,-32.90978398983482,-6.507936507936507,-0.5249731423491882,5.702970297029708,62.7,34.285714285714164,0.34,13.320720851827428,-0.3833408926183446,1.1905263157894737,1.42,2.5,2.7,12,2,11,5,9,1,10,4
2016-02-01,1.4658859681907055,2.0785716482008,4.9,4.624118689509943,0.0,0,0,1.750627868123159,2.212472937982419,-6.225720063838036,9.969371919556911,-40.05535784895216,-6.613545816733069,-0.1859604380212239,0.4729996058334684,62.8,-48.3033932135728,0.38,6.9278746201823616,-0.2358051929184035,1.0835,1.3075,2.5,2.5,12,2,11,5,9,1,10,4
2016-03-01,1.457447911267762,1.7189162642218925,5.0,4.614409445,0.0,0,0,2.31807762418006,1.968629347490136,-9.215633946334112,-3.414899450935049,-21.47636971978253,-6.065442936951316,1.7098387311196284,3.3096926713948704,63.0,74.66204506065858,0.36,4.84648041850182,-0.0895353642297425,1.4090909090909092,1.5518181818181818,2.7,2.7,12,2,11,5,9,1,10,4
2016-04-01,1.5199486797450534,2.954759082921221,5.1,4.617567765542458,0.0,0,0,1.7264326641268697,2.20839577539288,3.8384939412306807,6.51252896871366,-25.160697887970617,-5.275779376498802,0.6255544038971271,3.7721021611003103,62.9,-63.82770435633867,0.37,7.506532583735925,0.1069281517959153,1.481904761904762,1.6147619047619048,2.8,2.5,12,2,11,5,9,1,10,4
2016-05-01,1.5687328193787042,2.042459512622674,4.8,4.614301291434703,0.0,0,0,1.725412081835544,2.2063600497880667,-2.712497778680456,3.3386306032133994,-21.19115910241269,-5.217391304347818,1.0007985720556478,2.3501762632196943,62.7,-5.376529381354533,0.37,6.326723323890526,-0.1547192985745904,1.5204761904761903,1.5942857142857143,2.4,2.5,12,2,11,5,9,1,10,4
2016-06-01,1.5524039553270974,1.2453705587887498,4.9,4.594646968999999,0.0,0,0,1.2844962737524668,1.9645800814115155,5.820778403926941,12.78681900828289,-18.488799732530925,-4.660347551342802,0.2525329667531828,1.876465989054044,62.7,-7.270209451272258,0.38,5.673581213307077,-0.2190337178504697,1.4359090909090908,1.4700000000000002,2.6,2.6,12,2,11,5,9,1,10,4
2016-07-01,1.5993318072140106,1.744150590531213,4.8,4.607678189351074,0.0,0,0,1.7530013988699449,2.2022266161810653,1.3819297792499796,-1.194037806755155,-12.27897838899804,-3.6682615629984094,1.4293789837228057,3.278688524590301,62.8,45.97701149425299,0.39,5.076585069417394,-0.3549887484438074,1.3885,1.4655,2.7,2.6,12,2,11,5,9,1,10,4
2016-08-01,1.6969584569733076,2.119173035350208,4.9,4.604322076850739,0.0,0,0,1.7851237621105598,2.200129038977734,-1.244369984582061,0.4188630669046844,4.315372055050148,-2.191558441558439,1.4548380089298618,0.9342156481121576,62.9,-57.363300905736295,0.4,7.838817039962009,-0.3943384205903344,1.3034782608695652,1.4682608695652173,2.5,2.5,12,2,11,5,9,1,10,4
2016-09-01,1.6852545372237682,1.5926567581532325,5.0,4.575555157,0.0,0,0,2.8375610203145385,1.950766044393415,-1.0633697478397153,8.294328652771643,-0.659630606860151,-1.066447908121415,1.36770228052141,2.8004667444574416,62.9,40.37343667429969,0.4,5.577351451760926,-0.4054863773960693,1.3495238095238096,1.5147619047619048,2.4,2.6,12,2,11,5,9,1,10,4
2016-10-01,1.7824083597317797,1.5419794807454146,4.9,4.597737508614673,0.0,0,0,1.891010455563116,2.196007495467075,0.8332049400334718,2.095105240853101,7.7022933794894,-0.2469135802469102,1.3075015473205989,6.053550640279326,62.8,-56.64621676891622,0.4,6.748400362124229,-0.7940728300040001,1.5325000000000002,1.6669999999999998,2.4,2.4,12,2,11,4,9,1,10,4
2016-11-01,1.7188591624542893,0.5335435171431868,4.7,4.59440121384657,0.0,0,0,1.9693945767636285,2.193915964561699,-4.611658598695012,0.1189828290149463,7.587181903864271,0.2483443708609201,1.2132491564283463,0.0,62.7,81.55964943659457,0.41,6.728971962616903,-0.7043884984572424,1.6614999999999998,1.822,2.4,2.6,12,2,11,4,9,1,10,4
2016-12-01,1.770093227647962,1.3938689965154794,4.7,4.5572223460000005,0.0,0,0,2.217196450993874,1.934658608283524,8.496272788560244,14.310893340265984,39.74186609303576,1.9279128248113957,2.709856698072066,1.3899613899614138,62.7,-1.406799531066838,0.54,4.105910022001336,-0.5842050503922835,1.810952380952381,1.9357142857142855,2.2,2.3,12,2,11,4,9,1,10,3
2017-01-01,1.863334939067518,3.208232445520665,4.7,4.587856104128502,0.0,0,0,2.178045657192337,2.189806326062776,-2.72373147981737,13.342767877554085,65.71969696969697,3.8200339558573937,1.1781001593000853,3.239490937138445,62.8,-69.81891348088536,0.65,6.768435139610318,-0.7811134948709553,1.8855,2.0115,2.6,2.6,12,2,11,4,9,1,10,3
2017-02-01,1.867275108455435,2.1250691754287843,4.6,4.584540097007116,0.0,0,0,2.3086296400101705,2.1877208490353075,-4.61707540696934,-0.3307408077310558,76.35224274406332,4.692832764505117,1.2594431639276915,3.230769230769326,62.9,65.3729748976323,0.66,6.0087063086903925,-0.6113904555921423,1.8868421052631577,2.0189473684210526,2.7,2.5,12,2,11,4,9,1,10,3
2017-03-01,1.6786546242183895,-0.5062223159670864,4.4,4.539724801,0.0,0,0,1.9475608401670288,1.927765881388055,7.480220570606555,-1.5766212059860507,31.37150466045273,4.078164825828368,0.6487292361313735,1.8411967779056404,62.9,-22.69120378186735,0.79,5.511958286265806,-0.3849368809484499,1.836521739130435,1.996086956521739,2.5,2.4,12,2,11,4,9,1,10,3
2017-04-01,1.6368213459441172,2.4598317909142686,4.4,4.578248209779353,0.0,0,0,2.583383705855677,2.183757356481089,12.023115784882776,4.14601638219958,25.300613496932517,3.628691983122368,1.5308139231803055,2.7575641516662586,63.0,57.82137325761498,0.9,5.004207406524763,-0.223170684010121,1.7484210526315789,1.906315789473684,2.5,2.4,12,2,11,4,9,1,10,3
2017-05-01,1.545521142810613,0.9626665864443495,4.4,4.575058706576123,0.0,0,0,2.728147126425906,2.1817448593337345,1.0363688705496976,-6.504526345652906,3.789338471419379,2.335279399499579,1.6968446754035889,1.8341612533435023,62.8,-52.208175997373104,0.91,4.627466684464743,-0.0920587441413878,1.7463636363636363,1.836818181818182,2.6,2.4,12,2,11,4,9,1,10,3
2017-06-01,1.576443802980099,1.611174012805261,4.3,4.523125741,0.0,0,0,2.239490249244458,1.934791128605262,2.504793863854271,6.161372997315961,-7.342083675143563,1.4084507042253502,0.2132110386997787,2.2892025944297067,62.8,98.66117404737392,1.04,1.9325241750203224,-0.0037948213487126,1.6327272727272728,1.7286363636363635,2.6,2.5,12,2,11,4,9,1,10,4
2017-07-01,1.5031107592688553,0.8765522279035487,4.3,4.568593926325427,0.0,0,0,3.0118928134077008,2.17765868618956,-2.995903804179933,-0.1057768795820202,4.434490481522957,1.1589403973510048,2.0133242166876983,4.112718964204198,62.9,-12.751784298176004,1.15,5.035955304790285,-0.0677370957674061,1.6415,1.7719999999999998,2.6,2.6,12,2,11,4,9,1,10,4
2017-08-01,1.433593710424197,1.2958704129585996,4.4,4.565319204628819,0.0,0,0,3.1418155020103704,2.175585141634808,-5.445689478600979,2.40212088438998,7.423971377459759,1.9917012448132927,2.1301196114966348,0.9108159392789084,62.9,7.31003526771401,1.16,5.217621223026825,-0.0848394674563657,1.6147826086956525,1.7756521739130435,2.6,2.5,12,2,11,4,9,1,10,4
2017-09-01,1.4225873687192525,1.4622745160709272,4.3,4.507474599,0.0,0,0,3.154096522218808,1.9763117252249884,1.3959328450712682,24.987768765288987,10.27003098716246,2.736318407960203,3.2527516711061466,5.460750853242313,63.1,8.413001912045814,1.15,4.2472905971655095,-0.1521208113953287,1.682,1.834,2.7,2.5,12,2,11,4,9,1,10,4
2017-10-01,1.5410111053849596,2.944932162809444,4.2,4.558896626755132,0.0,0,0,3.3475970209773127,2.1715109177621787,14.9307957436827,0.966106397827282,3.615910004017664,2.39273927392738,2.1954749756853955,0.4530011325027949,62.7,16.70886075949376,1.15,5.185455075420808,0.066506667231736,1.731428571428571,1.861904761904762,2.4,2.5,12,2,11,4,9,1,10,3
2017-11-01,1.5453764961365524,0.585156141153842,4.2,4.555643587125395,0.0,0,0,3.41793050509845,2.169443449578025,3.089436207598162,12.203979357581307,24.047306176084103,3.4682080924855585,2.137788646889027,1.8113207547169277,62.7,-25.65543071161045,1.16,2.838423194967543,-0.0985952345292529,1.752857142857143,1.8576190476190475,2.5,2.4,12,2,11,4,9,1,10,3
2017-12-01,1.5768765133171936,1.7665489630479314,4.1,4.492806508,0.0,0,0,4.5081865070771165,2.0139996849509068,2.8183898555345976,6.579491796427384,11.37194535308832,3.207236842105265,2.9393582866373613,4.069329314242687,62.7,12.43820762238883,1.3,5.116215101086485,-0.3032881316846869,1.766,1.8995,2.7,2.4,12,2,11,4,9,1,10,4
2018-01-01,1.6320370277204788,3.86162510056316,4.0,4.549264136299153,0.0,0,0,3.467163838959372,2.1653811898923347,-0.0224659094603563,-5.389734194124696,21.333333333333336,3.4341782502044227,1.889096662437819,4.055576417574258,62.7,53.97727272727266,1.41,0.8130432902307305,-0.3795477755854981,1.9366666666666668,2.043809523809524,2.7,2.5,12,2,11,4,9,1,10,3
2018-02-01,1.6442181175359671,2.2691496628944208,4.1,4.546033248650768,0.0,0,0,3.437971978765761,2.163319805658733,2.9170755932884878,6.523283494040477,16.38301851505517,3.3414832925835247,1.7137066375654866,0.8982035928143617,63.0,-12.50566379700948,1.42,3.1203180822863,-0.9691089716289514,1.9652631578947368,2.101578947368421,2.7,2.5,12,2,11,4,9,1,10,3
2018-03-01,1.909183171052753,2.620605150299582,4.0,4.479142049,0.0,0,0,3.253639207272929,2.0543172764965867,5.454336348775524,0.1958552241489108,27.1639975674032,3.2653061224489743,1.302570498163913,4.936424831712838,62.9,48.717948717948815,1.51,4.888176847973647,-1.5192113699536105,2.021428571428572,2.0904761904761906,2.8,2.5,12,2,11,4,9,1,10,3
2018-04-01,1.8842192874261696,2.1652747512795223,4.0,4.539905098557617,0.0,0,0,3.2610461636695565,2.159402195126947,13.63050581098939,0.1090661213361876,29.749314531923226,3.5016286644951045,1.3337227340395763,2.68156424580992,62.9,10.384276914050972,1.69,1.5369204350313304,-2.1216751473514983,2.049523809523809,2.1276190476190475,2.7,2.5,12,2,11,4,9,1,10,3
2018-05-01,1.9809023776840464,2.1023208204562494,3.8,4.536799724205715,0.0,0,0,3.1014117162738124,2.157413041898288,-11.309746688842504,19.3475629655028,44.34818481848186,4.482477587612044,1.1355750278407044,3.121516164994542,62.9,24.25476225098162,1.7,4.776366845554314,-2.800992669646596,2.101818181818182,2.1418181818181816,2.8,2.5,12,2,11,4,9,1,10,3
2018-06-01,1.9362198184856405,1.0846924739634112,4.0,4.466487238,0.0,0,0,2.1233005640518776,2.100826483517171,9.899493070003196,-4.224733718188434,50.22133687472334,4.738562091503251,0.0513022888713798,2.2238695329875213,63.0,36.60205245153936,1.82,5.1503245644003215,-3.4169903910850508,2.067619047619048,2.117619047619048,3.0,2.6,12,2,11,4,9,1,10,3
2018-07-01,1.9958004199579935,1.578451389979474,3.8,4.530507820279782,0.0,0,0,2.608339262894059,2.1533743639881258,1.5170655341311343,7.133007498551613,52.21960111516191,4.828150572831413,0.7705958819669765,3.1076581576027884,63.0,-6.63900414937757,1.91,2.917100759041702,-4.060715273262527,2.0423809523809524,2.1142857142857143,2.9,2.4,12,2,11,4,9,1,10,3
2018-08-01,1.8957629996604108,0.1176401388153891,3.8,4.527321885931928,0.0,0,0,2.2612929841082567,2.1513249713918983,8.155106471703188,0.7373129849008286,41.67360532889259,3.824247355573629,0.6247493412273764,4.870848708487152,62.6,3.004172461752308,1.91,4.216569335840781,-5.039920014329391,1.982608695652174,2.0991304347826087,3.0,2.6,12,2,11,4,9,1,10,3
2018-09-01,1.960295291300884,2.223180677540704,3.7,4.454833762,0.0,0,0,2.4947897012457254,2.116291395272807,0.5223984585594366,-4.712987263018231,40.96748293857888,3.0669895076674614,1.1640180324149263,4.851157662623962,62.8,33.79578246392896,1.95,2.992834950225109,-5.7100485820722575,2.008421052631579,2.1231578947368424,2.7,2.5,12,2,11,4,9,1,10,3
2018-10-01,1.8709073900841755,1.890318477569508,3.8,4.52107585291245,0.0,0,0,1.390191821980791,2.147298301928484,-2.006843169990047,11.985180272101823,37.165568049631645,3.384367445608394,0.4654803965541172,2.1961932650074623,62.9,-17.325597085413634,2.19,1.0204296767936327,-6.603622932620423,1.9872727272727275,2.1113636363636363,2.9,2.4,12,2,11,4,9,1,10,3
2018-11-01,2.010245188242909,2.227302033878509,3.8,4.517913464966106,0.0,0,0,1.0084353661271743,2.145255015775498,0.9571854821096792,5.893444208083487,0.5649717514124353,0.7182761372705571,0.4697636684532848,3.0690537084398173,62.9,47.64512595837891,2.2,1.6346707486622591,-7.36088794075661,1.8445,2.004,2.8,2.6,12,2,11,4,9,1,10,4
2018-12-01,2.038079914186097,2.0944654627716552,3.9,4.444159456,0.0,0,0,0.5665768764628432,2.11525339598273,0.374954572811248,-23.432106387840967,-14.443676572218378,-0.8764940239043728,-0.7199905575009158,5.247813411078628,63.0,-16.592046352383516,2.27,10.249074385728909,-8.162341397942562,1.601578947368421,1.816315789473684,2.7,2.5,12,2,11,4,9,1,10,4
2019-01-01,1.844426623897344,1.5768725361366087,4.0,4.51171422752352,0.0,0,0,1.1036305212754551,2.141240369674225,-7.903880144283537,3.255689380572502,-19.34065934065934,-1.501976284584983,0.6971170311543736,1.306240928882474,63.1,2.0830551475496506,2.4,5.298068499436859,-8.732755951280858,1.628095238095238,1.793809523809524,2.7,2.6,12,2,11,4,9,1,10,4
2019-02-01,1.7441056147354803,1.0848643919509904,3.8,4.508575855893166,0.0,0,0,1.6163114338989049,2.139203197544436,-6.20782934951496,3.2077318326401816,-11.698537682789643,-0.7097791798107211,0.953200608073792,4.349401957230814,63.1,-69.741402292722,2.4,2.9156658198406404,-9.342103631521548,1.7573684210526317,1.876842105263158,2.6,2.3,12,2,11,4,9,1,10,4
2019-03-01,1.61606799514884,1.1071938463333098,3.8,4.434429008,0.0,0,0,2.4972723297864263,2.123113567002566,0.128373325190001,18.40199613218898,-7.301131834847762,0.079051383399209,3.366014681972729,3.466955579631481,63.0,42.62666289272579,2.41,3.728972737066005,-9.87520156392293,1.816190476190476,1.912857142857143,2.5,2.5,12,2,11,4,9,1,10,4
2019-04-01,1.6367788035668518,2.410293232936666,3.7,4.502625520230003,0.0,0,0,2.925296597914605,2.1353316961088518,-6.549839988097617,0.1225735641668279,-3.60754716981132,-0.2360346184106965,1.7877545357294875,0.8642419877565644,62.8,-7.380073800738041,2.42,2.3378447219505105,-10.247175227059223,1.8385714285714283,1.9366666666666668,2.5,2.3,12,2,11,4,9,1,10,3
2019-05-01,1.563175476517964,1.231782307655127,3.6,4.499611432676231,0.0,0,0,3.529301551769459,2.133366002260125,1.67548604348271,12.97224553062728,-13.075164332666487,-0.9360374414976502,2.421347651689828,3.88629003238572,62.9,0.4950495049504511,2.39,8.071730392662069,-10.859029878529324,1.708181818181818,1.8263636363636364,2.9,2.6,12,2,11,4,9,1,10,4
2019-06-01,1.6569813098790576,2.194038947093535,3.6,4.425594874,0.0,0,0,3.34058336283416,2.1147916708546437,1.4634203496274978,1.2125030461167086,-19.463680565787545,-2.028081123244929,2.458495783621117,3.443328550932634,63.0,-13.360824742268074,2.38,9.745843684310971,-10.98753443575633,1.549,1.7,2.7,2.3,12,2,11,4,9,1,10,4
2019-07-01,1.639119267494071,1.3673232908458566,3.7,4.493506959566886,0.0,0,0,4.070498984051824,2.1293750543551595,-6.28188312163247,9.120219455280676,-19.20259227951536,-1.951600312256052,4.188844139312118,3.0042918454936007,63.1,-25.354462051709792,2.4,6.669645395832635,-11.283523906720728,1.5795454545454546,1.752727272727273,2.6,2.5,12,2,11,4,9,1,10,4
2019-08-01,1.745804579673771,1.377341383900177,3.6,4.490417209112818,0.0,0,0,3.977239394980562,2.127349933027402,9.125372405659604,8.179284253699137,-19.46811636791067,-2.115987460815038,5.077533356601967,4.709240099892842,63.1,23.175234308435133,2.13,6.560070017167607,-10.971380637185646,1.3804545454545456,1.5863636363636362,2.7,2.6,12,2,11,4,9,1,10,4
2019-09-01,1.6320140893302693,0.8786381109282537,3.5,4.417598382,0.0,0,0,4.680007426364252,2.099772793202881,-3.751262387941834,-7.676744816714498,-18.909298020788835,-2.114330462020364,4.506254370289753,0.8528784648187404,63.2,-9.027584285316248,2.04,7.769824636584488,-9.433168635282795,1.3935,1.5870000000000002,2.8,2.4,12,2,11,4,9,1,10,4
2019-10-01,1.6235859562745425,1.7906481953925637,3.6,4.484362275439379,0.0,0,0,3.577552791864861,2.1233710527443868,-10.216269552733117,3.218648999964735,-23.731448763250885,-2.961808261886212,5.489690503738603,2.982954545454497,63.3,27.79337450870294,1.83,10.849288822065796,-4.746083430418935,1.4022727272727271,1.560909090909091,2.5,2.3,12,2,11,4,9,1,10,4
2019-11-01,1.4977183197472543,0.7382627754065396,3.6,4.481297935721455,0.0,0,0,3.488819432589226,2.121352067932516,6.633867452587783,8.382290736475984,0.1228932584269593,-1.188589540412044,4.460825031558281,4.675876726886141,63.3,-66.01728632185478,1.55,8.671286253980703,-1.944958995090473,1.5484210526315791,1.6405263157894736,2.5,2.5,12,2,11,4,9,1,10,4
2019-12-01,1.544751058548699,2.651500595626999,3.6,4.410371013,0.0,0,0,2.7275114782566945,2.0326754872342256,-2.4352565947524774,3.8528631020097848,20.92084006462036,0.4823151125401992,3.7607559926244423,1.6937191249116523,63.3,-32.926829268292714,1.55,5.584902696227712,0.7931913447238648,1.6214285714285712,1.718095238095238,2.3,2.2,12,2,11,4,9,1,10,3
2020-01-01,1.572858948187017,1.9094725944671431,3.6,4.475293466154357,0.0,0,0,3.584353523319624,2.117385270186844,-7.12051252622814,-1.737660555260412,11.950175165434018,0.4815409309791407,-0.8653451298434368,2.114164904862559,63.3,76.13076578593807,1.55,5.379202501954605,2.690374617655844,1.6523809523809525,1.720952380952381,2.5,2.5,12,2,11,4,9,1,10,4
2020-02-01,1.6714742188941756,2.2509761886531976,3.5,4.47225500708706,0.0,0,0,0.979737803819817,2.1153724294708134,3.962217231184617,0.4915369070059405,-8.02547770700638,-1.2708498808578272,-2.7960480171270428,4.642982764685133,63.3,-26.614261650757957,1.58,3.907425665507791,4.177257700759451,1.5810526315789473,1.6157894736842104,2.4,2.3,12,2,11,4,9,1,10,4
2020-05-01,0.9664219171721332,1.3121546961327724,13.2,4.463483876811977,0.0,1,1,-31.252519237590096,2.109540441352279,18.84149020089474,231.6676142314253,-53.04948216340621,-6.299212598425196,14.195285832730676,-12.782956058588502,60.8,262.0929222752932,0.05,59.81018240835496,79.44424126102518,0.7649999999999999,1.1155,3.2,2.7,12,6,11,8,9,4,10,7
2020-06-01,0.937620702974118,1.8511066398390952,11.0,4.397908937,0.0,1,1,-31.63586095129247,1.9771635847703808,79.01844884595874,99.29334161007748,-29.912184412733257,-3.980891719745228,19.45745474010208,-13.728129205921968,61.5,110.54882394868127,0.08,19.3374931385617,85.51758009421,1.014090909090909,1.2731818181818182,3.0,2.5,12,6,11,8,9,4,10,7
2020-07-01,1.1786492794999992,4.236063942753798,10.2,4.457581962387747,0.0,1,1,-12.990298124595125,2.1055975899565245,43.5785305619337,19.147630096633872,-29.014821272885797,-2.7866242038216527,18.027691659433177,0.408441116405811,61.5,78.51199216837995,0.09,10.378642970933605,82.98732459801535,1.3131818181818182,1.4563636363636363,3.0,2.6,12,6,11,8,9,0,10,7
2020-08-01,1.3853964950817588,3.832221163012228,8.4,4.454596086314526,0.0,1,1,12.7069591454776,2.103596926194573,11.69259723568663,10.1029063051012,-22.751322751322743,-1.3610888710968827,12.082215573357136,4.491323579448814,61.7,-18.56049004594178,0.1,4.348016176631209,84.88523309091288,1.5504761904761906,1.6614285714285717,3.1,2.7,12,11,11,10,9,0,10,8
2020-09-01,1.4652508351544524,1.82448805055353,7.8,4.392501241000001,0.0,1,1,31.320900241632632,1.9330212857257223,-0.4753495800035257,23.892149566167564,-30.412642669007905,-1.2799999999999925,6.420738877191123,0.4067796610170759,61.4,15.3056462902474,0.09,15.179451435665836,85.0745290457122,1.5323809523809524,1.6561904761904762,2.6,2.7,12,11,11,10,9,7,10,8
2020-10-01,1.386165263198369,0.8539304521088198,6.9,4.448747389906412,0.0,1,1,29.821404968211212,2.0996662017580965,7.936478140896774,-4.850527062527021,-26.98295033358044,-0.9638554216867544,1.072357074918188,1.6265672653336338,61.7,52.89510059898621,0.09,9.98246991385514,79.77660071795667,1.560952380952381,1.703809523809524,2.6,2.4,12,11,11,10,9,7,10,8
2020-11-01,1.4275832917034936,1.2287854366171302,6.7,4.44578879401174,0.0,1,1,17.401506783160812,2.097671704667066,5.312165891742637,-11.51444777913393,-28.213221111695606,-1.0425020048115408,-0.9970057900512016,3.654822335025365,61.5,3.883495145631155,0.09,14.57818924554548,78.05600821597471,1.6252631578947367,1.7121052631578948,2.8,2.5,12,11,11,10,9,7,10,8
2020-12-01,1.5164586568509053,3.705317395669372,6.7,4.387519967,0.0,1,1,4.338902046460813,1.94701718695276,15.483807085708712,10.353952964840651,-21.476285905143623,-0.3200000000000091,-3.060968170237244,10.93117408906883,61.5,-8.269794721407564,0.09,9.743349263136825,77.82036865055093,1.8654545454545453,1.9159090909090908,2.5,2.5,12,2,11,10,9,7,10,8
2021-01-01,1.6805757598958635,3.852545701767696,6.4,4.43999424029018,0.0,1,1,0.2881506976732489,2.093753122105258,7.448991333338117,46.08391452572462,-9.596662030598058,1.0383386581469534,-0.5583933866623868,0.4012036108325567,61.4,76.36202569024073,0.09,14.205673907135363,77.24471116908651,2.1031578947368423,2.081578947368421,3.0,2.7,12,2,11,8,9,7,10,7
2021-02-01,1.7127736807917238,2.631678024170725,6.2,4.43706339448854,0.0,1,1,1.998151095671009,2.0917647992651025,-40.15200352178611,-30.768735582855022,16.818361693707963,2.976669348350769,0.6597184566527817,6.016042780748521,61.4,91.2826207662409,0.08,14.690310283733687,79.86241039430016,2.311578947368421,2.18,3.3,2.7,12,2,11,3,9,7,10,9
2021-03-01,2.200848980840564,4.744686645942142,6.1,4.3863704210000005,0.0,1,1,5.520744555655099,1.9527948858853783,33.74447162098777,129.25153838107076,113.38582677165353,7.089859851607594,2.943542919133968,-1.1972065181244496,61.5,111.14551083591334,0.07,13.881929100307833,65.57580174138127,2.4969565217391305,2.275217391304348,3.1,2.8,12,1,11,8,9,2,10,7
2021-04-01,3.1585712093308738,7.307900989728733,6.1,4.431511503206967,0.0,1,0,7.16957803249029,2.087986325125668,1.6962529877416088,10.696161741340315,272.93051359516613,10.913705583756329,1.9829541338703347,7.589880159786944,61.6,125.52538370720195,0.07,20.48488150367742,23.460689642032676,2.5295454545454543,2.3495454545454546,3.4,2.7,12,1,11,2,9,2,10,1
2021-05-01,3.576698284947777,6.181368492500905,5.8,4.42870176224457,0.0,1,0,7.368945745516998,2.086067961484062,10.43407161678278,-7.249725351869829,128.18627450980395,11.596638655462188,1.6247356480458988,7.145219980152273,61.6,70.41470713980331,0.06,15.998571556111065,13.232539604488936,2.6495,2.468,4.6,3.0,12,1,11,2,9,2,10,1
2021-06-01,3.887841884225729,5.461458053893153,5.9,4.380997848,0.0,1,0,6.280179495297311,1.9775668315026529,5.584619712118766,13.219623249989354,86.32210910989295,11.27694859038142,0.0682048658786627,5.52449852022372,61.7,47.6123170116102,0.08,2.472761446066407,12.609370125261554,2.4645454545454544,2.3427272727272728,4.2,2.8,12,1,11,2,9,2,10,1
2021-07-01,3.967588179218296,5.160458584649419,5.4,4.42301642749591,0.0,1,0,4.86541454815345,2.0821733102790807,5.039724711811466,-19.870250837486655,78.06435765168263,10.237510237510229,-1.0088393919605805,4.320785597381338,61.8,87.51213827927754,0.1,9.126299901820545,17.670279796243605,2.4966666666666666,2.327619047619048,4.7,2.8,12,1,11,2,9,2,10,1
2021-08-01,3.9920178647788296,4.1150904989823545,5.1,4.420141548671037,0.0,1,0,3.5676977369208807,2.0801971567323685,-0.306994927388482,7.409561378292828,59.96693434104865,9.009740259740262,-2.302798989879128,5.088062622309231,61.7,-10.100461580233455,0.09,10.622248938356638,18.864984618992644,2.493636363636364,2.348636363636364,4.6,2.9,12,1,11,2,9,2,10,1
2021-09-01,4.0438350965415815,2.4233341861910063,4.7,4.375862369,0.0,1,0,3.411397584880582,2.05997892703822,-12.543232188338392,8.200378839798894,80.79737572546051,9.319286871961108,-2.297035388701429,6.625527768756268,61.7,-8.433734939759008,0.08,9.687184661957636,19.44048600597852,2.4966666666666666,2.3442857142857143,4.6,3.0,12,1,11,2,9,2,10,1
2021-10-01,4.469517398312317,5.767073693425839,4.5,4.414513100467943,0.0,1,0,4.906913009563481,2.076314691661867,16.469839538160702,17.52158131188777,106.8020304568528,11.030008110300082,-0.4664400036613234,7.364341085271242,61.8,50.960566228513656,0.08,9.352209352209416,19.32231313831352,2.745,2.535,4.8,2.9,12,1,11,2,9,2,10,1
2021-11-01,4.938528860179203,6.621651056414724,4.2,4.411667366156253,0.0,1,0,6.732967990566916,2.07434473485872,10.931679989477328,12.223617907668238,93.33170493404984,11.750405186385729,1.8360417206282011,3.852327447833037,61.9,-23.489992064191867,0.08,9.898545583540308,20.152059970153303,2.9825,2.616,4.9,3.0,12,1,11,2,9,2,10,1
2021-12-01,5.24437226167096,7.21351722146002,3.9,4.370967225,0.0,1,0,7.212635644170096,2.1041550135128877,-0.8721378040929206,-9.479030972644065,52.50957039557633,10.27287319422152,2.8553895025630105,6.144000000000016,62.0,32.16116557244355,0.08,8.674807312507848,19.19519779913428,2.749090909090909,2.458181818181818,4.8,2.9,12,1,11,2,9,2,10,1
2022-01-01,5.406422950943113,5.7061852895262,4.0,4.40609672916916,0.0,1,0,4.965877842157088,2.070474470838091,0.2347946732442096,22.397723643331968,60.03846153846153,10.750988142292496,0.8686469520893203,8.022922636103313,62.2,-18.81404922484009,0.08,6.483163336593556,19.6471319723236,2.797,2.4495,4.9,3.1,12,1,11,2,9,2,10,1
2022-02-01,5.649107318951518,5.400578633425113,3.8,4.40328060928514,0.0,1,0,1.5624099447971282,2.068510718358463,7.483505344090702,12.52618727524064,55.21680216802167,11.406249999999996,-2.328936085806358,1.5180265654648473,62.2,45.16817939135072,0.08,5.436605364339631,18.633277973953355,2.8705263157894736,2.4578947368421056,4.9,3.0,12,1,11,2,9,2,10,1
2022-03-01,5.629665662594241,4.522988301390107,3.7,4.366320029,0.0,1,0,-1.0298178702489391,2.1465075741945228,9.748855622912169,24.308377513904578,74.07347986523345,13.01000769822942,-4.971370711207079,6.064434617814296,62.3,48.67507074864941,0.2,2.019848004132019,16.813967510750196,3.4108695652173915,2.8465217391304347,5.4,3.0,12,1,11,2,9,2,10,1
2022-04-01,5.348259862946181,4.091537071805718,3.7,4.397948802887619,0.0,0,0,-1.7627406800835068,2.064779035158653,2.67879057047038,16.896995055504505,64.90602721970188,12.50953470633105,-5.636711378479306,5.2796983029542055,62.2,-25.02060326355689,0.33,1.5855404602854506,15.092106146445447,3.3155,2.884,5.4,3.0,12,1,11,2,9,2,10,1
2022-05-01,5.18579502881511,4.321232822305099,3.6,4.395251842174568,0.0,0,0,-1.0745000746724622,2.062884477597028,0.7405075100289871,-0.6307236963680296,68.09881847475832,11.596385542168663,-4.9823571650655225,5.256570713391806,62.3,-40.19863647841086,0.77,-3.277241379310425,13.584098144461286,3.027142857142857,2.6885714285714286,5.3,3.0,12,1,11,2,9,2,10,1
2022-06-01,5.323449514250211,7.039020657995465,3.6,4.361905793,0.0,0,0,0.2807177733595623,2.1828823250399587,-1.6723983377021856,11.395368926433049,60.885402073409935,10.655737704918034,-3.3245018691249406,3.73831775700948,62.2,-23.722023861360285,1.21,-2.6444635003181283,11.16505621240853,2.893333333333333,2.617619047619048,5.3,3.1,12,1,11,2,9,2,10,1
2022-07-01,5.112688195705206,2.748828425543781,3.5,4.38979764159331,0.0,0,0,1.3272201946872202,2.0590382613540044,2.662065853354889,-11.823219183531908,40.18485308318391,8.766716196136715,-2.0739798241591374,5.590062111801153,62.1,37.73987206823026,1.68,-0.0609902600402278,8.593972417623942,2.5835,2.362,5.2,2.9,12,1,11,2,9,2,10,1
2022-08-01,5.356555429657517,6.908703920166115,3.6,4.38704115656181,0.0,0,0,2.156662748628617,2.0570867373324777,1.3950441773694422,7.306800090971244,38.29912889413849,7.669396872673095,-0.6975243091220665,3.338485316846729,62.3,-151.11111111111106,2.33,-1.9351529685746272,6.805641763417558,2.683913043478261,2.508260869565217,4.8,2.9,12,1,11,2,9,2,10,2
2022-09-01,5.606573223779621,5.276761088657356,3.5,4.357603227,0.0,0,0,2.692832802186107,2.215486869819472,4.214003448666848,-3.095999493644941,17.599441730635036,6.078576723498874,-0.0036597862684839,4.069050554870568,62.3,78.51793456838774,2.56,-4.759612714515793,4.73082535549445,2.4504761904761905,2.3823809523809523,4.7,2.7,12,1,11,2,9,2,10,2
2022-10-01,5.45995788862268,4.093087517810101,3.6,4.381647511055564,0.0,0,0,3.040949682929713,2.053252766399136,-1.0246048104656236,12.3598255808683,7.449680903289146,4.236669101533952,1.1173223591540091,5.5299539170508005,62.2,-35.960044395116554,3.08,-5.39749362253783,2.697508825343009,2.4705,2.3935,5.0,2.9,12,8,11,2,9,6,10,2
2022-11-01,5.200736515271864,3.65576592082606,3.6,4.378922034871888,0.0,0,0,3.195327511206879,2.0513074691938176,-3.9255946684298326,-16.53369145663568,6.595072646873024,2.683103698332112,1.5480654438421542,5.137614678899194,62.1,14.988558352402848,3.78,-3.724742465331365,-0.1296596368770441,2.4445,2.371,5.0,3.0,12,8,11,2,9,6,10,2
2022-12-01,4.95164097687022,4.355062889304584,3.5,4.353270628,0.0,0,0,3.31131169816139,2.2473889835208816,-14.888008240079698,-14.002408038116164,6.596011713847449,3.2023289665211063,2.653369321560905,4.3848964677221325,62.3,29.0422827008193,4.1,-7.804174587270074,-1.759273199237954,2.3166666666666664,2.259523809523809,4.3,3.0,12,8,11,2,9,6,10,2
2023-01-01,4.9451726970746845,5.631876351761278,3.5,4.373589869111091,0.0,0,0,3.147075087559584,2.047485758485552,10.85374548497171,52.454649926430186,-6.12833453496755,0.8565310492505418,1.8404625823299796,3.2766990291261955,62.4,-53.29165134240528,4.33,-0.7804363091396649,-3.7035718571551857,2.234,2.237,3.9,2.9,12,8,11,2,9,6,10,2
2023-02-01,4.8634569569391495,4.461991389139364,3.6,4.37089587168972,0.0,0,0,3.0376095985207283,2.045546695676397,0.6154888289358951,-14.29056542198266,-16.161065037101707,-1.1220196353436185,1.8903353682610704,3.9939485627837,62.5,-63.157894736842174,4.57,-1.1657572942357586,-5.491500484597212,2.446842105263158,2.333684210526316,4.2,2.9,12,8,11,1,9,6,10,2
2023-03-01,4.771688688936915,3.468884311182485,3.5,4.348774995,0.0,0,0,2.7681751722592907,2.2335086578712198,0.1634236475966055,-12.64178340613431,-32.46082949308756,-4.700272479564038,0.7089620069078428,4.342581423401892,62.6,-33.394271785496656,4.65,-17.463711675989437,-4.271695494371119,2.3778260869565218,2.3021739130434784,3.6,2.9,12,8,11,1,9,6,10,2
2023-04-01,4.778422079240263,4.168920746551397,3.4,4.365798227471625,0.0,0,0,2.876609173136072,2.0418620304899804,4.782992249132612,9.784819966589977,-21.939477303989,-4.88135593220338,2.197872729906293,5.048076923077005,62.6,52.65357292101971,4.83,-8.41532462804535,-3.896619848484262,2.308,2.2665,4.7,3.0,12,8,11,2,9,6,10,2
2023-05-01,4.708510320203319,3.5176683654128738,3.6,4.363221204954722,0.0,0,0,2.8524119429783443,2.039991394469574,-2.8272467379226285,6.099383439672934,-34.659972615244186,-5.735492577597845,2.500672798039594,3.5906642728906317,62.6,-81.9055244195356,5.06,4.127391484722498,-5.353495853454183,2.1554545454545457,2.213636363636364,4.2,3.1,12,8,11,1,9,6,10,2
2023-06-01,4.366300622508224,3.0941602344976893,3.6,4.344002717,0.0,0,0,2.4278955436967564,2.249072159133636,-6.991587760448947,5.724868007514328,-38.82793451758969,-6.127946127946126,3.3316699178877585,6.0859188544149845,62.6,-15.338345864661608,5.08,-1.0614823254538663,-6.192829262039535,2.1395238095238094,2.2004761904761905,3.3,3.0,12,8,11,1,9,6,10,2
2023-07-01,4.272579772850182,1.6687609952249716,3.5,4.358012693032695,0.0,0,0,2.894412794840265,2.036193847959692,8.102683215326234,2.316290980731494,-25.142688447156083,-4.781420765027322,3.2359070582235683,5.3428317008016535,62.6,-76.37906647807634,5.12,-0.6120475202934461,-6.925284598012727,2.2075,2.2965,3.4,3.0,12,8,11,1,9,6,10,2
2023-08-01,3.7815053166577073,1.2247356444920143,3.7,4.355381998339599,0.0,0,0,2.947610953527462,2.034267072773297,0.2666092311992329,11.198306663679336,-13.109853741859723,-2.97372060857537,3.586280500400829,1.773049645389957,62.8,94.95700673948394,5.33,-1.4673528434773877,-7.813579574413431,2.2395652173913043,2.335217391304348,3.5,3.0,12,8,11,1,9,6,10,2
2023-09-01,3.657009628254393,3.8309181166323647,3.8,4.338890148,0.0,0,0,4.286091149292304,2.267991810343428,2.4792642909313933,8.145395068309202,6.135770234986948,-1.467505241090139,4.6466846031332665,3.5408675125407463,62.7,-1.0337030257349331,5.33,-1.5212057821243796,-8.623450766851281,2.2535,2.342,3.2,2.8,12,8,11,1,9,6,10,2
2023-10-01,3.442340791738374,1.5994668443852331,3.9,4.350237710022031,0.0,0,0,3.0779437077731058,2.0304818307482995,-8.479489991588096,-5.665771689418175,-2.1816105082809734,-1.8220042046250828,4.020947092466527,2.8243601059134704,62.7,-94.27740058195933,5.33,-1.8995772282389911,-9.25025826757807,2.31,2.386190476190476,4.2,3.0,12,8,11,1,9,6,10,2
2023-11-01,3.221682653533975,1.088186356073173,3.7,4.347639888511394,0.0,0,0,3.1420875589007844,2.028561312450757,3.6112971482215706,-1.4340929362178567,-7.917506222590975,-1.5536723163841692,4.026983740147966,4.226592309950128,62.8,15.859649122807085,5.33,0.5278524333419021,-9.3500475208685,2.247142857142857,2.3042857142857143,4.5,3.2,12,8,11,1,9,6,10,2
2023-12-01,3.0356394846850154,2.1843752337730398,3.8,4.333393686,0.0,0,0,3.154690810951344,2.287540392029097,-2.984639428964675,1.661686083160241,-5.939298796441639,-2.3977433004231385,3.440546502526143,4.211757823925222,62.5,-10.804571164723551,5.33,0.2609111597501545,-9.824280152972452,2.1275,2.1845,3.1,2.9,12,8,11,1,9,6,10,2
2024-01-01,3.064853734492789,5.973715651134981,3.7,4.342560748468725,0.0,0,0,3.2271650068187983,2.0247883898260377,-13.421688789633455,-10.17839735267243,-5.081925243215569,-1.3446567586695046,3.43219832596287,5.596036141066563,62.5,-16.3541059988352,5.33,4.1620775607211336,-9.702691448207023,2.2247619047619045,2.2661904761904763,2.9,2.9,12,8,11,1,9,6,10,2
2024-02-01,2.928884480727012,2.872993857737338,3.9,4.339996270055032,0.0,0,0,3.2343659689107,2.022874135997303,14.706305489589244,8.50723632387691,0.5466614603670372,-0.9219858156028438,2.8865051829465598,2.436901653611745,62.6,-3.2593292394898388,5.33,5.07774514995436,-9.57687635034149,2.317,2.2825,3.0,2.9,12,8,11,1,9,6,10,2
2024-03-01,2.979611847443864,4.0620006918246965,3.9,4.327479745,0.0,0,0,1.6192085572676262,2.3011218007759737,-2.43091620776279,4.1343684333410735,10.917030567685584,0.4288777698356005,1.601538040937989,4.516502605674688,62.7,-50.01776198934275,5.33,2.312460152725748,-12.069655136189994,2.381,2.3115,2.9,2.8,12,8,11,1,9,6,10,2
2024-04-01,2.885060860042965,3.0633100493314918,3.9,4.335065028180352,0.0,0,0,3.1435274556111485,2.019175130693138,-1.8939002288365536,-0.0680587690379486,7.426054122089343,0.9978617248752596,1.839737018311528,2.7689645226420367,62.7,-70.28296058322005,5.33,1.8142585796922184,-13.712492891652095,2.451363636363636,2.394090909090909,3.2,3.0,12,8,11,1,9,6,10,2
2024-05-01,2.6674953595995365,0.9726543310954128,4.0,4.33261545984728,0.0,0,0,3.03220770371411,2.017328597688589,7.30269019742682,9.02615175639383,11.79100307348422,1.2884753042233354,1.5168806545714155,4.834532374100764,62.6,44.41527759548487,5.33,3.720494728343482,-13.436733491179565,2.333181818181818,2.334090909090909,3.3,3.0,12,8,11,1,9,6,10,2
2024-06-01,2.63047666917986,2.660362077569367,4.1,4.321120484,0.0,0,0,2.9559184932296034,2.3195571114347224,3.189366447950359,-0.562954152436479,13.551601423487549,1.578192252510746,2.055426237428115,3.7833190025794217,62.6,-74.26907986330852,5.33,3.886158418104913,-13.38761269130544,2.2142105263157896,2.255263157894737,3.0,3.0,12,8,11,1,9,6,10,2
2024-07-01,2.6653058492838837,2.076565178352663,4.2,4.327667924063531,0.0,0,0,2.6390637877657595,2.013580089990461,-8.532794077483175,11.195048299585864,7.53253582226896,1.7216642754662947,1.7286188338483934,2.400000000000002,62.7,14.89476524554778,5.33,1.845663071548032,-12.934377603857506,2.1845454545454546,2.2745454545454544,2.9,3.0,12,8,11,1,9,6,10,2
2024-08-01,2.731117016831308,1.9947523671387304,4.2,4.325170791309451,0.0,0,0,2.369461677652032,2.011678251244934,5.85724430155512,-2.3814259080938704,-5.786951713969768,0.784034212401985,2.1933657259240285,5.474764756201722,62.7,23.18763326226012,5.33,4.954024078111718,-12.373367615592269,1.973181818181818,2.11,2.8,3.0,12,8,11,1,9,6,10,2
2024-09-01,2.6607797400866278,3.0066869498721616,4.1,4.322554381000001,0.0,0,0,3.03804192111361,2.3011071835419727,-4.941195655972219,9.560128569421522,-21.458123672145824,-0.0709219858155973,2.83492091234816,3.406187908033065,62.7,-85.65825598117401,5.13,4.927991843323909,-11.82106786172552,1.967,2.1075,2.7,3.1,12,8,11,1,9,6,10,2
2024-10-01,2.824459234608989,3.5152636447734587,4.1,4.320291157710376,0.0,0,0,1.8130946761861084,2.007942107369018,-4.463358006304263,7.738532938688181,-15.938813638486693,0.7137758743754441,2.894848395506962,5.094820266062872,62.5,86.49866253695615,4.83,2.8995726797073296,-11.364420759090688,2.2313636363636364,2.2859090909090907,2.7,3.0,12,8,11,1,9,6,10,2
2024-11-01,2.8318745895984376,1.174804806019658,4.2,4.317828767581158,0.0,0,0,1.5649450317033982,2.0060465556673783,-3.093515748362829,7.685556935782678,-9.962672158578966,1.3629842180774787,2.747933193143138,4.396843291995456,62.5,65.55482600131315,4.64,5.672614720847946,-11.268290714228511,2.3878947368421053,2.3210526315789477,2.6,3.2,12,8,11,1,9,6,10,2
2024-12-01,2.8640647816275067,2.560703546833043,4.1,4.321673018,0.0,0,0,2.428260089381684,2.2978662670377403,12.881570726128276,9.296421374860486,-2.475660639777466,2.1676300578034717,1.6799576539599848,2.3588879528221973,62.5,-78.14717967874492,4.48,0.9801953856135804,-10.82102019502944,2.363809523809524,2.303333333333333,2.8,3.0,12,8,11,1,9,6,10,2
2025-01-01,2.7070536952645163,4.132924665268511,4.0,4.313017960837193,0.0,0,0,1.2615655566809043,2.0023227905290666,-1.912179859808516,-10.368669373604789,2.144302090357364,1.7216642754662947,0.6407140949235065,5.044843049327419,62.6,40.59669685668625,4.33,3.8728091857960223,-10.844576245079086,2.4904761904761905,2.40047619047619,3.3,3.2,12,8,11,1,9,6,10,2
2025-02-01,2.9493155874746657,5.71028961392841,4.1,4.3105907832473225,0.0,0,0,1.2490983095096788,2.000433533451269,11.54737778296182,0.4992543512575942,-7.404530744336569,1.717967072297788,-0.9136861577948808,2.344404130616873,62.4,-43.59701107961867,4.33,4.083492166798486,-10.658618487450656,2.607368421052632,2.4242105263157896,4.3,3.5,12,8,11,1,9,6,10,2
2025-03-01,2.699685624933301,1.1424091392731484,4.2,4.320248166,0.0,0,0,-0.5034671773831434,2.2477063029402444,-2.697589787283228,18.23375112573542,-16.043307086614178,0.782918149466183,-1.79390797148411,4.011142061281436,62.5,-44.91978609625673,4.33,4.041845423967594,-10.197313403133846,2.532380952380952,2.3342857142857145,5.0,4.1,12,8,11,1,9,6,10,2
2025-04-01,2.610938267561802,2.023689636982784,4.2,4.30600443328709,0.0,0,0,1.598321413321584,1.9968437158855723,0.3774713664039808,-1.300354843531215,-25.553602811950785,0.0,-2.036687582257146,1.9988895058298264,62.6,32.500000000000014,4.33,8.189537745476105,-9.413037413265402,2.348095238095238,2.2409523809523813,6.5,4.4,12,8,11,1,9,6,10,2
2025-05-01,2.732352195289556,2.393699782173364,4.2,4.3036891386545815,0.0,0,0,2.007021318290564,1.9950213356610509,0.9121285314112272,-9.45650321631395,-22.3069232691827,-0.2826855123674976,-0.5438410720728215,4.988913525498884,62.4,51.44016227180526,4.33,4.358693309240724,-8.527413463852984,2.383809523809524,2.313333333333333,6.6,4.2,12,8,11,1,9,6,10,2
2025-06-01,2.7744673904171124,3.1533934813944065,4.1,4.318227512,0.0,0,0,3.2504112561725584,2.286258100211569,4.225221786552691,10.842046024233907,-14.541807697129238,-0.494350282485867,3.2533027793690827,2.6497377863649696,62.3,-55.23858921161819,4.33,7.5397895256331005,-7.948965124448737,2.3255,2.297,5.0,4.0,12,8,11,1,9,6,10,2
